name;fileName;description
Mhealth_enregdeces_25072024;Mhealth_enregdeces_25072024.csv;
Mhealth_enregdeces_12112024;Mhealth_enregdeces_12112024.csv;
Mhealth_enregextrait_25072024;Mhealth_enregextrait_25072024.csv;
Mhealth_enregextrait_12112024;Mhealth_enregextrait_12112024.csv;
Mhealth_enregpers_25122023;Mhealth_enregpers_25122023.csv;
Mhealth_enregpers_24042024;Mhealth_enregpers_24042024.csv;
Mhealth_enregpers_25072024;Mhealth_enregpers_25072024.csv;
Mhealth_modifpers_24042024;Mhealth_modifpers_24042024.csv;
Mhealth_modifpers_25072024;Mhealth_modifpers_25072024.csv;
Mhealth_pecadu_25122023;Mhealth_pecadu_25122023.csv;
Mhealth_pecadu_24042024;Mhealth_pecadu_24042024.csv;
Mhealth_pecadu_25072024;Mhealth_pecadu_25072024.csv;
Mhealth_pecadu_12112024;Mhealth_pecadu_12112024.csv;
Mhealth_pecenf_25122023;Mhealth_pecenf_25122023.csv;
Mhealth_pecenf_26122023;Mhealth_pecenf_26122023.csv;
Mhealth_pecenf_24042024;Mhealth_pecenf_24042024.csv;
Mhealth_pecenf_25072024;Mhealth_pecenf_25072024.csv;
Mhealth_pecenf_12112024;Mhealth_pecenf_12112024.csv;
Mhealth_pecenf_06012025;Mhealth_pecenf_06012025.csv;
Mhealth_pecdisEnf_25072024;Mhealth_pecdisEnf_25072024.csv;
Mhealth_suivipec_25072024;Mhealth_suivipec_25072024.csv;
Mhealth_ramalnut_25072024;Mhealth_ramalnut_25072024.csv;
Mhealth_ramalnut_12112024;Mhealth_ramalnut_12112024.csv;
Mhealth_snne_25122023;Mhealth_snne_25122023.csv;
Mhealth_snne_26122023;Mhealth_snne_26122023.csv;
Mhealth_snne_25072024;Mhealth_snne_25072024.csv;
Mhealth_snne_12112024;Mhealth_snne_12112024.csv;
Mhealth_grossorient_25122023;Mhealth_grossorient_25122023.csv;
Mhealth_grossorient_24042024;Mhealth_grossorient_24042024.csv;
Mhealth_grossorient_25072024;Mhealth_grossorient_25072024.csv;
Mhealth_grossconf_25072024;Mhealth_grossconf_25072024.csv;
Mhealth_grosssuivi_24042024;Mhealth_grosssuivi_24042024.csv;
Mhealth_grosssuivi_25042024;Mhealth_grosssuivi_25042024.csv;
Mhealth_grosssuivi_01072024;Mhealth_grosssuivi_01072024.csv;
Mhealth_grosssuivi_25072024;Mhealth_grosssuivi_25072024.csv;
Mhealth_grossissue_25122023;Mhealth_grossissue_25122023.csv;
Mhealth_grossissue_24042024;Mhealth_grossissue_24042024.csv;
Mhealth_grossissue_25072024;Mhealth_grossissue_25072024.csv;
Mhealth_enrogaspa_24042024;Mhealth_enrogaspa_24042024.csv;
Mhealth_enrogaspa_25072024;Mhealth_enrogaspa_25072024.csv;
Mhealth_enrogaspa_12112024;Mhealth_enrogaspa_12112024.csv;
Mhealth_planigaspa_24042024;Mhealth_planigaspa_24042024.csv;
Mhealth_planigaspa_25072024;Mhealth_planigaspa_25072024.csv;
Mhealth_realgaspa_24042024;Mhealth_realgaspa_24042024.csv;
Mhealth_realgaspa_25072024;Mhealth_realgaspa_25072024.csv;
Mhealth_realgaspa_26072024;Mhealth_realgaspa_26072024.csv;
Mhealth_realgaspa_12112024;Mhealth_realgaspa_12112024.csv;
Mhealth_tubersusp_12112024;Mhealth_tubersusp_12112024.csv;
Mhealth_tuberconf_12112024;Mhealth_tuberconf_12112024.csv;
Mhealth_tubervis_12112024;Mhealth_tubervis_12112024.csv;
Mhealth_asbccaus_25042024;Mhealth_asbccaus_25042024.csv;
Mhealth_asbccaus_24072024;Mhealth_asbccaus_24072024.csv;
Mhealth_asbcvad_25042024;Mhealth_asbcvad_25042024.csv;
Mhealth_asbcvad_24072024;Mhealth_asbcvad_24072024.csv;
Mhealth_initstock_24072024;Mhealth_initstock_24072024.csv;
Mhealth_initstock_12112024;Mhealth_initstock_12112024.csv;
Mhealth_recepstock_24072024;Mhealth_recepstock_24072024.csv;
Mhealth_recepstock_12112024;Mhealth_recepstock_12112024.csv;
Mhealth_perempstock_24072024;Mhealth_perempstock_24072024.csv;
Mhealth_perempstock_12112024;Mhealth_perempstock_12112024.csv;
Mhealth_pertstock_24072024;Mhealth_pertstock_24072024.csv;
Mhealth_pertstock_12112024;Mhealth_pertstock_12112024.csv;
Mhealth_diststock_24072024;Mhealth_diststock_24072024.csv;
Mhealth_ajuststock_12112024;Mhealth_ajuststock_12112024.csv;
Mhealth_survevent_24072024;Mhealth_survevent_24072024.csv;
Mhealth_survmal_24072024;Mhealth_survmal_24072024.csv;
